"Total calls:","173040"
"Total drops:","9668"
"Desired drop rate:","3.00 %"
"Total blocking/drop rate:","5.59"
"Desired sale rate:","0.00 %"
"Actual sale rate:","1.49"
"Average call duration:","13.99 seconds"
"Erlangs:","1.7555"
"Estimated agents fielding calls:","5"
"Recommended agent count:","1"

"CALLING HOUR","CALLS","SALES","TOTAL TIME","AVG TIME","DROPPED HRS","BLOCKING","ERLANGS","REC AGENTS","EST AGENTS","CALLS/AGNT","REV/CALL","REV/AGENT","TOTAL REV","TOTAL COST","MARGIN"
"2026-02-01 09am","3","1","0:02:53","0:00:58","0:00:00","0.0000","0.0483","1","1","3.00","$0.00","$0.00","$0.00","$0.00","$0.00"
"2026-02-01 10am","1","1","0:01:40","0:01:40","0:00:00","0.0000","0.0278","1","1","1.00","$0.00","$0.00","$0.00","$0.00","$0.00"
"2026-02-01 11am","3","0","0:01:17","0:00:26","0:00:00","0.0000","0.0217","1","1","3.00","$0.00","$0.00","$0.00","$0.00","$0.00"
"2026-02-01 12pm","5","2","0:06:26","0:01:17","0:00:00","0.0000","0.1069","1","1","5.00","$0.00","$0.00","$0.00","$0.00","$0.00"
"2026-02-01 01pm","4","1","0:01:43","0:00:26","0:00:00","0.0000","0.0289","1","1","4.00","$0.00","$0.00","$0.00","$0.00","$0.00"
"2026-02-01 02pm","8","3","0:07:38","0:00:57","0:00:00","0.0000","0.1267","1","1","8.00","$0.00","$0.00","$0.00","$0.00","$0.00"
"2026-02-01 03pm","4","0","0:00:55","0:00:14","0:00:00","0.0000","0.0156","1","1","4.00","$0.00","$0.00","$0.00","$0.00","$0.00"
"2026-02-01 04pm","1","0","0:00:58","0:00:58","0:00:00","0.0000","0.0161","1","1","1.00","$0.00","$0.00","$0.00","$0.00","$0.00"
"2026-02-01 05pm","12","1","0:06:32","0:00:33","0:00:00","0.0000","0.1100","1","1","12.00","$0.00","$0.00","$0.00","$0.00","$0.00"
"2026-02-01 06pm","12","2","0:14:03","0:01:10","0:00:00","0.0000","0.2333","1","1","12.00","$0.00","$0.00","$0.00","$0.00","$0.00"
"2026-02-01 07pm","6","4","0:13:40","0:02:17","0:00:00","0.0000","0.2283","1","1","6.00","$0.00","$0.00","$0.00","$0.00","$0.00"
"2026-02-01 08pm","12","6","0:16:50","0:01:24","0:00:00","0.0000","0.2800","1","1","12.00","$0.00","$0.00","$0.00","$0.00","$0.00"
"2026-02-01 09pm","8","1","0:06:11","0:00:46","0:00:00","0.0000","0.1022","1","1","8.00","$0.00","$0.00","$0.00","$0.00","$0.00"
"2026-02-02 08am","1","0","0:02:54","0:02:54","0:00:00","0.0000","0.0483","1","1","1.00","$0.00","$0.00","$0.00","$0.00","$0.00"
"2026-02-02 09am","479","13","3:35:55","0:00:27","0:02:10","0.0543","3.5925","1","7","68.43","$0.00","$0.00","$0.00","$0.00","$0.00"
"2026-02-02 10am","851","18","4:07:09","0:00:17","0:03:17","0.0470","4.0186","1","8","106.38","$0.00","$0.00","$0.00","$0.00","$0.00"
"2026-02-02 11am","892","22","4:56:07","0:00:20","0:02:25","0.0325","4.9556","1","10","89.20","$0.00","$0.00","$0.00","$0.00","$0.00"
"2026-02-02 12pm","398","7","2:06:19","0:00:19","0:02:45","0.0829","2.1006","1","5","79.60","$0.00","$0.00","$0.00","$0.00","$0.00"
"2026-02-02 01pm","760","34","3:13:22","0:00:15","0:02:50","0.0447","3.1667","1","7","108.57","$0.00","$0.00","$0.00","$0.00","$0.00"
"2026-02-02 02pm","1061","33","4:24:10","0:00:15","0:04:02","0.0358","4.4208","1","9","117.89","$0.00","$0.00","$0.00","$0.00","$0.00"
"2026-02-02 03pm","821","24","3:42:05","0:00:16","0:03:07","0.0402","3.6489","1","8","102.62","$0.00","$0.00","$0.00","$0.00","$0.00"
"2026-02-02 04pm","815","13","4:10:57","0:00:18","0:04:19","0.0650","4.0750","1","8","101.88","$0.00","$0.00","$0.00","$0.00","$0.00"
"2026-02-02 05pm","431","7","2:10:39","0:00:18","0:03:10","0.0882","2.1550","1","5","86.20","$0.00","$0.00","$0.00","$0.00","$0.00"
"2026-02-02 06pm","170","1","0:21:23","0:00:08","0:02:27","0.1765","0.3778","1","2","85.00","$0.00","$0.00","$0.00","$0.00","$0.00"
"2026-02-02 07pm","153","1","0:25:54","0:00:10","0:01:35","0.1242","0.4250","1","2","76.50","$0.00","$0.00","$0.00","$0.00","$0.00"
"2026-02-02 08pm","146","3","0:27:19","0:00:11","0:01:42","0.1438","0.4461","1","2","73.00","$0.00","$0.00","$0.00","$0.00","$0.00"
"2026-02-02 09pm","71","1","0:08:58","0:00:08","0:00:25","0.0704","0.1578","1","2","35.50","$0.00","$0.00","$0.00","$0.00","$0.00"
"2026-02-02 10pm","4","1","0:03:00","0:00:45","0:00:00","0.0000","0.0500","1","1","4.00","$0.00","$0.00","$0.00","$0.00","$0.00"
"2026-02-03 08am","159","6","0:52:50","0:00:20","0:02:27","0.1887","0.8833","1","2","79.50","$0.00","$0.00","$0.00","$0.00","$0.00"
"2026-02-03 09am","742","10","3:27:48","0:00:17","0:02:50","0.0458","3.5039","1","7","106.00","$0.00","$0.00","$0.00","$0.00","$0.00"
"2026-02-03 10am","813","10","3:27:28","0:00:15","0:02:45","0.0406","3.3875","1","7","116.14","$0.00","$0.00","$0.00","$0.00","$0.00"
"2026-02-03 11am","703","17","3:36:02","0:00:18","0:03:21","0.0569","3.5150","1","7","100.43","$0.00","$0.00","$0.00","$0.00","$0.00"
"2026-02-03 12pm","582","8","2:14:39","0:00:14","0:03:27","0.0722","2.2633","1","5","116.40","$0.00","$0.00","$0.00","$0.00","$0.00"
"2026-02-03 01pm","851","16","3:29:37","0:00:15","0:02:46","0.0388","3.5458","1","8","106.38","$0.00","$0.00","$0.00","$0.00","$0.00"
"2026-02-03 02pm","894","12","3:37:29","0:00:15","0:03:33","0.0369","3.7250","1","8","111.75","$0.00","$0.00","$0.00","$0.00","$0.00"
"2026-02-03 03pm","803","9","2:58:43","0:00:13","0:01:50","0.0274","2.8997","1","7","114.71","$0.00","$0.00","$0.00","$0.00","$0.00"
"2026-02-03 04pm","910","12","4:22:38","0:00:17","0:04:55","0.0648","4.2972","1","8","113.75","$0.00","$0.00","$0.00","$0.00","$0.00"
"2026-02-03 05pm","475","1","1:56:32","0:00:15","0:03:23","0.0863","1.9792","1","5","95.00","$0.00","$0.00","$0.00","$0.00","$0.00"
"2026-02-03 06pm","220","1","0:41:04","0:00:11","0:02:45","0.1500","0.6722","1","2","110.00","$0.00","$0.00","$0.00","$0.00","$0.00"
"2026-02-03 07pm","189","7","0:42:05","0:00:13","0:01:25","0.0899","0.6825","1","3","63.00","$0.00","$0.00","$0.00","$0.00","$0.00"
"2026-02-03 08pm","236","10","1:10:04","0:00:18","0:01:35","0.0508","1.1800","1","4","59.00","$0.00","$0.00","$0.00","$0.00","$0.00"
"2026-02-03 09pm","73","4","0:26:23","0:00:22","0:00:55","0.1507","0.4461","1","2","36.50","$0.00","$0.00","$0.00","$0.00","$0.00"
"2026-02-04 08am","163","2","0:40:07","0:00:15","0:00:40","0.0491","0.6792","1","3","54.33","$0.00","$0.00","$0.00","$0.00","$0.00"
"2026-02-04 09am","804","12","3:01:23","0:00:14","0:05:12","0.0771","3.1267","1","6","134.00","$0.00","$0.00","$0.00","$0.00","$0.00"
"2026-02-04 10am","905","13","4:08:30","0:00:16","0:04:55","0.0652","4.0222","1","7","129.29","$0.00","$0.00","$0.00","$0.00","$0.00"
"2026-02-04 11am","689","13","3:27:07","0:00:18","0:03:13","0.0566","3.4450","1","7","98.43","$0.00","$0.00","$0.00","$0.00","$0.00"
"2026-02-04 12pm","219","7","1:24:34","0:00:23","0:03:34","0.1963","1.3992","1","3","73.00","$0.00","$0.00","$0.00","$0.00","$0.00"
"2026-02-04 01pm","355","4","1:28:04","0:00:15","0:01:36","0.0563","1.4792","1","4","88.75","$0.00","$0.00","$0.00","$0.00","$0.00"
"2026-02-04 02pm","323","7","1:41:54","0:00:19","0:01:45","0.0650","1.7047","1","5","64.60","$0.00","$0.00","$0.00","$0.00","$0.00"
"2026-02-04 03pm","534","8","2:40:20","0:00:18","0:03:40","0.0824","2.6700","1","6","89.00","$0.00","$0.00","$0.00","$0.00","$0.00"
"2026-02-04 04pm","792","6","2:49:30","0:00:13","0:03:38","0.0556","2.8600","1","6","132.00","$0.00","$0.00","$0.00","$0.00","$0.00"
"2026-02-04 05pm","530","4","1:43:33","0:00:12","0:03:36","0.0830","1.7667","1","4","132.50","$0.00","$0.00","$0.00","$0.00","$0.00"
"2026-02-04 06pm","223","3","0:50:21","0:00:14","0:03:07","0.1749","0.8672","1","2","111.50","$0.00","$0.00","$0.00","$0.00","$0.00"
"2026-02-04 07pm","174","2","0:29:20","0:00:10","0:01:20","0.0920","0.4833","1","2","87.00","$0.00","$0.00","$0.00","$0.00","$0.00"
"2026-02-04 08pm","180","3","0:29:38","0:00:10","0:01:23","0.0833","0.5000","1","2","90.00","$0.00","$0.00","$0.00","$0.00","$0.00"
"2026-02-04 09pm","54","0","0:04:55","0:00:05","0:00:30","0.1111","0.0750","1","1","54.00","$0.00","$0.00","$0.00","$0.00","$0.00"
"2026-02-05 07am","4","0","0:02:03","0:00:31","0:00:00","0.0000","0.0344","1","1","4.00","$0.00","$0.00","$0.00","$0.00","$0.00"
"2026-02-05 08am","4","0","0:00:55","0:00:14","0:00:00","0.0000","0.0156","1","1","4.00","$0.00","$0.00","$0.00","$0.00","$0.00"
"2026-02-05 09am","680","12","3:26:34","0:00:18","0:03:00","0.0529","3.4000","1","7","97.14","$0.00","$0.00","$0.00","$0.00","$0.00"
"2026-02-05 10am","820","10","4:26:45","0:00:20","0:03:18","0.0427","4.5556","1","9","91.11","$0.00","$0.00","$0.00","$0.00","$0.00"
"2026-02-05 11am","959","12","4:07:55","0:00:16","0:05:15","0.0386","4.2622","1","9","106.56","$0.00","$0.00","$0.00","$0.00","$0.00"
"2026-02-05 12pm","639","7","2:38:27","0:00:15","0:03:36","0.0689","2.6625","1","6","106.50","$0.00","$0.00","$0.00","$0.00","$0.00"
"2026-02-05 01pm","478","8","2:05:16","0:00:16","0:01:34","0.0397","2.1244","1","6","79.67","$0.00","$0.00","$0.00","$0.00","$0.00"
"2026-02-05 02pm","1103","16","4:26:43","0:00:15","0:02:16","0.0218","4.5958","1","10","110.30","$0.00","$0.00","$0.00","$0.00","$0.00"
"2026-02-05 03pm","752","10","4:08:10","0:00:20","0:03:27","0.0545","4.1778","1","8","94.00","$0.00","$0.00","$0.00","$0.00","$0.00"
"2026-02-05 04pm","919","15","4:23:06","0:00:17","0:04:11","0.0544","4.3397","1","8","114.88","$0.00","$0.00","$0.00","$0.00","$0.00"
"2026-02-05 05pm","580","5","2:05:34","0:00:13","0:02:25","0.0500","2.0944","1","5","116.00","$0.00","$0.00","$0.00","$0.00","$0.00"
"2026-02-05 06pm","160","3","0:24:36","0:00:09","0:01:15","0.0938","0.4000","1","2","80.00","$0.00","$0.00","$0.00","$0.00","$0.00"
"2026-02-05 07pm","107","16","0:43:26","0:00:24","0:00:20","0.0374","0.7133","1","3","35.67","$0.00","$0.00","$0.00","$0.00","$0.00"
"2026-02-05 08pm","137","2","0:14:57","0:00:07","0:00:33","0.0511","0.2664","1","2","68.50","$0.00","$0.00","$0.00","$0.00","$0.00"
"2026-02-05 09pm","9","2","0:06:25","0:00:43","0:00:05","0.1111","0.1075","1","1","9.00","$0.00","$0.00","$0.00","$0.00","$0.00"
"2026-02-05 10pm","2","2","0:03:41","0:01:51","0:00:00","0.0000","0.0617","1","1","2.00","$0.00","$0.00","$0.00","$0.00","$0.00"
"2026-02-06 08am","19","1","0:01:57","0:00:06","0:00:10","0.1053","0.0317","1","1","19.00","$0.00","$0.00","$0.00","$0.00","$0.00"
"2026-02-06 09am","664","25","4:10:33","0:00:23","0:03:21","0.0602","4.2422","1","8","83.00","$0.00","$0.00","$0.00","$0.00","$0.00"
"2026-02-06 10am","960","24","4:35:46","0:00:17","0:03:01","0.0375","4.5333","1","9","106.67","$0.00","$0.00","$0.00","$0.00","$0.00"
"2026-02-06 11am","1049","15","4:31:18","0:00:16","0:03:35","0.0419","4.6622","1","9","116.56","$0.00","$0.00","$0.00","$0.00","$0.00"
"2026-02-06 12pm","817","7","3:38:11","0:00:16","0:07:32","0.1114","3.6311","1","6","136.17","$0.00","$0.00","$0.00","$0.00","$0.00"
"2026-02-06 01pm","987","14","4:03:40","0:00:15","0:03:10","0.0385","4.1125","1","8","123.38","$0.00","$0.00","$0.00","$0.00","$0.00"
"2026-02-06 02pm","1162","10","4:44:22","0:00:15","0:03:56","0.0404","4.8417","1","9","129.11","$0.00","$0.00","$0.00","$0.00","$0.00"
"2026-02-06 03pm","936","8","3:16:45","0:00:13","0:04:30","0.0577","3.3800","1","7","133.71","$0.00","$0.00","$0.00","$0.00","$0.00"
"2026-02-06 04pm","795","5","3:00:26","0:00:14","0:02:27","0.0377","3.0917","1","7","113.57","$0.00","$0.00","$0.00","$0.00","$0.00"
"2026-02-06 05pm","463","2","1:27:14","0:00:11","0:01:33","0.0410","1.4147","1","5","92.60","$0.00","$0.00","$0.00","$0.00","$0.00"
"2026-02-06 06pm","240","4","0:42:12","0:00:11","0:00:47","0.0417","0.7333","1","3","80.00","$0.00","$0.00","$0.00","$0.00","$0.00"
"2026-02-06 07pm","83","4","0:17:43","0:00:13","0:00:50","0.1205","0.2997","1","2","41.50","$0.00","$0.00","$0.00","$0.00","$0.00"
"2026-02-06 08pm","18","9","0:33:30","0:01:52","0:00:00","0.0000","0.5600","1","1","18.00","$0.00","$0.00","$0.00","$0.00","$0.00"
"2026-02-06 09pm","6","0","0:04:56","0:00:49","0:00:00","0.0000","0.0817","1","1","6.00","$0.00","$0.00","$0.00","$0.00","$0.00"
"2026-02-06 10pm","8","0","0:03:38","0:00:27","0:00:00","0.0000","0.0600","1","1","8.00","$0.00","$0.00","$0.00","$0.00","$0.00"
"2026-02-07 11am","1","1","0:02:13","0:02:13","0:00:00","0.0000","0.0369","1","1","1.00","$0.00","$0.00","$0.00","$0.00","$0.00"
"2026-02-07 12pm","2","0","0:02:06","0:01:03","0:00:00","0.0000","0.0350","1","1","2.00","$0.00","$0.00","$0.00","$0.00","$0.00"
"2026-02-07 01pm","3","0","0:01:00","0:00:20","0:00:00","0.0000","0.0167","1","1","3.00","$0.00","$0.00","$0.00","$0.00","$0.00"
"2026-02-07 02pm","3","1","0:03:14","0:01:05","0:00:00","0.0000","0.0542","1","1","3.00","$0.00","$0.00","$0.00","$0.00","$0.00"
"2026-02-07 03pm","18","0","0:04:09","0:00:14","0:00:00","0.0000","0.0700","1","1","18.00","$0.00","$0.00","$0.00","$0.00","$0.00"
"2026-02-07 04pm","3","0","0:00:10","0:00:03","0:00:00","0.0000","0.0025","1","1","3.00","$0.00","$0.00","$0.00","$0.00","$0.00"
"2026-02-07 05pm","8","0","0:04:57","0:00:37","0:00:00","0.0000","0.0822","1","1","8.00","$0.00","$0.00","$0.00","$0.00","$0.00"
"2026-02-07 06pm","6","1","0:04:28","0:00:45","0:00:00","0.0000","0.0750","1","1","6.00","$0.00","$0.00","$0.00","$0.00","$0.00"
"2026-02-07 07pm","19","7","0:22:26","0:01:11","0:00:00","0.0000","0.3747","1","1","19.00","$0.00","$0.00","$0.00","$0.00","$0.00"
"2026-02-07 08pm","7","3","0:05:36","0:00:48","0:00:00","0.0000","0.0933","1","1","7.00","$0.00","$0.00","$0.00","$0.00","$0.00"
"2026-02-07 09pm","13","5","0:09:32","0:00:44","0:00:00","0.0000","0.1589","1","1","13.00","$0.00","$0.00","$0.00","$0.00","$0.00"
"2026-02-07 10pm","1","0","0:00:29","0:00:29","0:00:00","0.0000","0.0081","1","1","1.00","$0.00","$0.00","$0.00","$0.00","$0.00"
"2026-02-08 12pm","3","1","0:02:24","0:00:48","0:00:00","0.0000","0.0400","1","1","3.00","$0.00","$0.00","$0.00","$0.00","$0.00"
"2026-02-08 01pm","14","3","0:07:10","0:00:31","0:00:00","0.0000","0.1206","1","1","14.00","$0.00","$0.00","$0.00","$0.00","$0.00"
"2026-02-08 02pm","3","2","0:04:39","0:01:33","0:00:00","0.0000","0.0775","1","1","3.00","$0.00","$0.00","$0.00","$0.00","$0.00"
"2026-02-08 03pm","4","0","0:01:11","0:00:18","0:00:00","0.0000","0.0200","1","1","4.00","$0.00","$0.00","$0.00","$0.00","$0.00"
"2026-02-08 04pm","4","1","0:02:09","0:00:32","0:00:00","0.0000","0.0356","1","1","4.00","$0.00","$0.00","$0.00","$0.00","$0.00"
"2026-02-08 06pm","15","5","0:09:21","0:00:37","0:00:00","0.0000","0.1542","1","1","15.00","$0.00","$0.00","$0.00","$0.00","$0.00"
"2026-02-08 07pm","5","0","0:01:19","0:00:16","0:00:00","0.0000","0.0222","1","1","5.00","$0.00","$0.00","$0.00","$0.00","$0.00"
"2026-02-08 08pm","37","10","0:29:18","0:00:48","0:00:00","0.0000","0.4933","1","1","37.00","$0.00","$0.00","$0.00","$0.00","$0.00"
"2026-02-08 09pm","7","2","0:04:20","0:00:37","0:00:00","0.0000","0.0719","1","1","7.00","$0.00","$0.00","$0.00","$0.00","$0.00"
"2026-02-08 10pm","2","0","0:01:48","0:00:54","0:00:00","0.0000","0.0300","1","1","2.00","$0.00","$0.00","$0.00","$0.00","$0.00"
"2026-02-09 08am","37","1","0:11:18","0:00:18","0:00:10","0.0541","0.1850","1","2","18.50","$0.00","$0.00","$0.00","$0.00","$0.00"
"2026-02-09 09am","996","12","4:26:38","0:00:16","0:03:24","0.0422","4.4267","1","9","110.67","$0.00","$0.00","$0.00","$0.00","$0.00"
"2026-02-09 10am","1051","14","4:36:25","0:00:16","0:03:31","0.0400","4.6711","1","9","116.78","$0.00","$0.00","$0.00","$0.00","$0.00"
"2026-02-09 11am","1127","14","5:08:38","0:00:16","0:02:37","0.0275","5.0089","1","10","112.70","$0.00","$0.00","$0.00","$0.00","$0.00"
"2026-02-09 12pm","606","12","3:31:51","0:00:21","0:09:56","0.1964","3.5350","1","5","121.20","$0.00","$0.00","$0.00","$0.00","$0.00"
"2026-02-09 01pm","551","14","3:57:29","0:00:26","0:03:30","0.0762","3.9794","1","7","78.71","$0.00","$0.00","$0.00","$0.00","$0.00"
"2026-02-09 02pm","1023","10","4:11:21","0:00:15","0:03:56","0.0411","4.2625","1","8","127.88","$0.00","$0.00","$0.00","$0.00","$0.00"
"2026-02-09 03pm","768","10","3:28:45","0:00:16","0:02:28","0.0339","3.4133","1","8","96.00","$0.00","$0.00","$0.00","$0.00","$0.00"
"2026-02-09 04pm","857","16","4:14:34","0:00:18","0:03:35","0.0513","4.2850","1","8","107.12","$0.00","$0.00","$0.00","$0.00","$0.00"
"2026-02-09 05pm","494","9","1:52:41","0:00:14","0:01:15","0.0304","1.9211","1","6","82.33","$0.00","$0.00","$0.00","$0.00","$0.00"
"2026-02-09 06pm","48","4","0:14:51","0:00:19","0:00:05","0.0208","0.2533","1","3","16.00","$0.00","$0.00","$0.00","$0.00","$0.00"
"2026-02-09 07pm","65","6","0:25:11","0:00:23","0:00:00","0.0000","0.4153","1","1","65.00","$0.00","$0.00","$0.00","$0.00","$0.00"
"2026-02-09 08pm","10","6","0:16:32","0:01:39","0:00:00","0.0000","0.2750","1","1","10.00","$0.00","$0.00","$0.00","$0.00","$0.00"
"2026-02-09 09pm","7","3","0:05:48","0:00:50","0:00:00","0.0000","0.0972","1","1","7.00","$0.00","$0.00","$0.00","$0.00","$0.00"
"2026-02-09 10pm","1","0","0:00:32","0:00:32","0:00:00","0.0000","0.0089","1","1","1.00","$0.00","$0.00","$0.00","$0.00","$0.00"
"2026-02-10 08am","278","4","1:02:19","0:00:13","0:00:55","0.0396","1.0039","1","4","69.50","$0.00","$0.00","$0.00","$0.00","$0.00"
"2026-02-10 09am","929","17","4:25:17","0:00:17","0:02:47","0.0366","4.3869","1","9","103.22","$0.00","$0.00","$0.00","$0.00","$0.00"
"2026-02-10 10am","909","20","4:35:08","0:00:18","0:04:51","0.0649","4.5450","1","8","113.62","$0.00","$0.00","$0.00","$0.00","$0.00"
"2026-02-10 11am","847","20","5:17:41","0:00:23","0:06:26","0.0921","5.4114","1","8","105.88","$0.00","$0.00","$0.00","$0.00","$0.00"
"2026-02-10 12pm","651","10","3:00:09","0:00:17","0:06:35","0.1214","3.0742","1","5","130.20","$0.00","$0.00","$0.00","$0.00","$0.00"
"2026-02-10 01pm","950","12","3:58:26","0:00:15","0:04:09","0.0526","3.9583","1","8","118.75","$0.00","$0.00","$0.00","$0.00","$0.00"
"2026-02-10 02pm","1117","16","4:01:39","0:00:13","0:04:05","0.0439","4.0336","1","8","139.62","$0.00","$0.00","$0.00","$0.00","$0.00"
"2026-02-10 03pm","745","18","3:17:20","0:00:16","0:05:34","0.0913","3.3111","1","6","124.17","$0.00","$0.00","$0.00","$0.00","$0.00"
"2026-02-10 04pm","625","4","2:44:11","0:00:16","0:01:52","0.0384","2.7778","1","7","89.29","$0.00","$0.00","$0.00","$0.00","$0.00"
"2026-02-10 05pm","406","3","1:32:56","0:00:14","0:04:33","0.1379","1.5789","1","4","101.50","$0.00","$0.00","$0.00","$0.00","$0.00"
"2026-02-10 06pm","203","2","0:31:10","0:00:09","0:04:05","0.2414","0.5075","1","2","101.50","$0.00","$0.00","$0.00","$0.00","$0.00"
"2026-02-10 07pm","129","3","0:29:05","0:00:14","0:02:06","0.1938","0.5017","1","2","64.50","$0.00","$0.00","$0.00","$0.00","$0.00"
"2026-02-10 08pm","214","1","0:25:04","0:00:07","0:02:06","0.1215","0.4161","1","2","107.00","$0.00","$0.00","$0.00","$0.00","$0.00"
"2026-02-10 09pm","95","0","0:08:24","0:00:05","0:00:15","0.0316","0.1319","1","2","47.50","$0.00","$0.00","$0.00","$0.00","$0.00"
"2026-02-10 10pm","4","1","0:01:29","0:00:22","0:00:00","0.0000","0.0244","1","1","4.00","$0.00","$0.00","$0.00","$0.00","$0.00"
"2026-02-11 08am","162","6","0:46:18","0:00:17","0:01:00","0.0741","0.7650","1","3","54.00","$0.00","$0.00","$0.00","$0.00","$0.00"
"2026-02-11 09am","609","34","3:15:35","0:00:19","0:07:36","0.1511","3.2142","1","5","121.80","$0.00","$0.00","$0.00","$0.00","$0.00"
"2026-02-11 10am","729","25","3:20:25","0:00:16","0:03:46","0.0631","3.2400","1","7","104.14","$0.00","$0.00","$0.00","$0.00","$0.00"
"2026-02-11 11am","996","30","4:13:27","0:00:15","0:06:12","0.0753","4.1500","1","7","142.29","$0.00","$0.00","$0.00","$0.00","$0.00"
"2026-02-11 12pm","534","15","2:25:08","0:00:16","0:06:23","0.1442","2.3733","1","4","133.50","$0.00","$0.00","$0.00","$0.00","$0.00"
"2026-02-11 01pm","793","27","3:41:05","0:00:17","0:06:04","0.0921","3.7447","1","7","113.29","$0.00","$0.00","$0.00","$0.00","$0.00"
"2026-02-11 02pm","1163","31","4:08:21","0:00:13","0:05:38","0.0585","4.1997","1","8","145.38","$0.00","$0.00","$0.00","$0.00","$0.00"
"2026-02-11 03pm","668","17","2:48:21","0:00:15","0:05:35","0.1003","2.7833","1","5","133.60","$0.00","$0.00","$0.00","$0.00","$0.00"
"2026-02-11 04pm","840","23","3:15:24","0:00:14","0:05:40","0.0810","3.2667","1","6","140.00","$0.00","$0.00","$0.00","$0.00","$0.00"
"2026-02-11 05pm","461","3","1:22:07","0:00:11","0:02:45","0.0716","1.4086","1","4","115.25","$0.00","$0.00","$0.00","$0.00","$0.00"
"2026-02-11 06pm","27","1","0:05:37","0:00:12","0:00:50","0.3704","0.0900","1","1","27.00","$0.00","$0.00","$0.00","$0.00","$0.00"
"2026-02-11 07pm","189","1","0:42:34","0:00:14","0:03:45","0.2381","0.7350","1","2","94.50","$0.00","$0.00","$0.00","$0.00","$0.00"
"2026-02-11 08pm","162","2","0:32:51","0:00:12","0:02:30","0.1914","0.5400","1","2","81.00","$0.00","$0.00","$0.00","$0.00","$0.00"
"2026-02-11 09pm","53","0","0:16:32","0:00:19","0:00:55","0.2075","0.2797","1","2","26.50","$0.00","$0.00","$0.00","$0.00","$0.00"
"2026-02-12 07am","1","0","0:00:35","0:00:35","0:00:00","0.0000","0.0097","1","1","1.00","$0.00","$0.00","$0.00","$0.00","$0.00"
"2026-02-12 08am","85","7","0:26:13","0:00:19","0:00:05","0.0118","0.4486","1","3","28.33","$0.00","$0.00","$0.00","$0.00","$0.00"
"2026-02-12 09am","324","21","1:52:03","0:00:21","0:01:30","0.0432","1.8900","1","5","64.80","$0.00","$0.00","$0.00","$0.00","$0.00"
"2026-02-12 10am","764","10","3:12:35","0:00:15","0:05:03","0.0798","3.1833","1","6","127.33","$0.00","$0.00","$0.00","$0.00","$0.00"
"2026-02-12 11am","837","7","4:06:44","0:00:18","0:05:42","0.0824","4.1850","1","7","119.57","$0.00","$0.00","$0.00","$0.00","$0.00"
"2026-02-12 12pm","517","7","2:28:24","0:00:17","0:06:46","0.1586","2.4414","1","4","129.25","$0.00","$0.00","$0.00","$0.00","$0.00"
"2026-02-12 01pm","982","10","4:17:48","0:00:16","0:04:59","0.0611","4.3644","1","8","122.75","$0.00","$0.00","$0.00","$0.00","$0.00"
"2026-02-12 02pm","1062","12","4:15:03","0:00:14","0:08:17","0.0913","4.1300","1","7","151.71","$0.00","$0.00","$0.00","$0.00","$0.00"
"2026-02-12 03pm","1305","7","4:43:24","0:00:13","0:05:26","0.0421","4.7125","1","9","145.00","$0.00","$0.00","$0.00","$0.00","$0.00"
"2026-02-12 04pm","1069","18","5:24:42","0:00:18","0:05:06","0.0571","5.3450","1","9","118.78","$0.00","$0.00","$0.00","$0.00","$0.00"
"2026-02-12 05pm","536","5","2:02:03","0:00:14","0:03:10","0.0709","2.0844","1","5","107.20","$0.00","$0.00","$0.00","$0.00","$0.00"
"2026-02-12 06pm","122","7","0:30:58","0:00:15","0:02:10","0.2131","0.5083","1","2","61.00","$0.00","$0.00","$0.00","$0.00","$0.00"
"2026-02-12 07pm","190","6","0:34:17","0:00:11","0:01:40","0.1053","0.5806","1","2","95.00","$0.00","$0.00","$0.00","$0.00","$0.00"
"2026-02-12 08pm","216","7","0:33:22","0:00:09","0:01:50","0.1019","0.5400","1","2","108.00","$0.00","$0.00","$0.00","$0.00","$0.00"
"2026-02-12 09pm","109","1","0:09:16","0:00:05","0:00:35","0.0642","0.1514","1","2","54.50","$0.00","$0.00","$0.00","$0.00","$0.00"
"2026-02-13 08am","8","1","0:06:03","0:00:45","0:00:00","0.0000","0.1000","1","1","8.00","$0.00","$0.00","$0.00","$0.00","$0.00"
"2026-02-13 09am","670","13","3:17:32","0:00:18","0:07:47","0.1403","3.3500","1","6","111.67","$0.00","$0.00","$0.00","$0.00","$0.00"
"2026-02-13 10am","1025","8","4:21:09","0:00:15","0:03:47","0.0459","4.2708","1","8","128.12","$0.00","$0.00","$0.00","$0.00","$0.00"
"2026-02-13 11am","1166","16","4:27:38","0:00:14","0:04:22","0.0446","4.5344","1","9","129.56","$0.00","$0.00","$0.00","$0.00","$0.00"
"2026-02-13 12pm","651","8","2:41:31","0:00:15","0:04:50","0.0891","2.7125","1","5","130.20","$0.00","$0.00","$0.00","$0.00","$0.00"
"2026-02-13 01pm","920","13","4:02:11","0:00:16","0:03:50","0.0500","4.0889","1","8","115.00","$0.00","$0.00","$0.00","$0.00","$0.00"
"2026-02-13 02pm","1227","6","4:05:35","0:00:12","0:04:43","0.0391","4.0900","1","8","153.38","$0.00","$0.00","$0.00","$0.00","$0.00"
"2026-02-13 03pm","803","6","2:48:16","0:00:13","0:04:53","0.0722","2.8997","1","6","133.83","$0.00","$0.00","$0.00","$0.00","$0.00"
"2026-02-13 04pm","875","4","2:40:31","0:00:11","0:04:20","0.0594","2.6736","1","6","145.83","$0.00","$0.00","$0.00","$0.00","$0.00"
"2026-02-13 05pm","745","4","1:41:51","0:00:08","0:01:25","0.0228","1.6556","1","5","149.00","$0.00","$0.00","$0.00","$0.00","$0.00"
"2026-02-13 06pm","23","5","0:19:12","0:00:50","0:00:10","0.0870","0.3194","1","2","11.50","$0.00","$0.00","$0.00","$0.00","$0.00"
"2026-02-13 07pm","110","8","0:34:11","0:00:19","0:00:15","0.0273","0.5806","1","3","36.67","$0.00","$0.00","$0.00","$0.00","$0.00"
"2026-02-13 08pm","108","2","0:15:09","0:00:08","0:00:10","0.0185","0.2400","1","3","36.00","$0.00","$0.00","$0.00","$0.00","$0.00"
"2026-02-13 09pm","68","1","0:19:07","0:00:17","0:00:05","0.0147","0.3211","1","3","22.67","$0.00","$0.00","$0.00","$0.00","$0.00"
"2026-02-14 08am","2","1","0:02:49","0:01:25","0:00:00","0.0000","0.0472","1","1","2.00","$0.00","$0.00","$0.00","$0.00","$0.00"
"2026-02-14 10am","6","1","0:04:03","0:00:41","0:00:00","0.0000","0.0683","1","1","6.00","$0.00","$0.00","$0.00","$0.00","$0.00"
"2026-02-14 11am","3","1","0:02:39","0:00:53","0:00:00","0.0000","0.0442","1","1","3.00","$0.00","$0.00","$0.00","$0.00","$0.00"
"2026-02-14 12pm","3","1","0:01:34","0:00:31","0:00:00","0.0000","0.0258","1","1","3.00","$0.00","$0.00","$0.00","$0.00","$0.00"
"2026-02-14 01pm","2","2","0:02:04","0:01:02","0:00:00","0.0000","0.0344","1","1","2.00","$0.00","$0.00","$0.00","$0.00","$0.00"
"2026-02-14 02pm","3","0","0:02:06","0:00:42","0:00:00","0.0000","0.0350","1","1","3.00","$0.00","$0.00","$0.00","$0.00","$0.00"
"2026-02-14 03pm","3","3","0:04:13","0:01:24","0:00:00","0.0000","0.0700","1","1","3.00","$0.00","$0.00","$0.00","$0.00","$0.00"
"2026-02-14 04pm","2","1","0:03:53","0:01:57","0:00:00","0.0000","0.0650","1","1","2.00","$0.00","$0.00","$0.00","$0.00","$0.00"
"2026-02-14 05pm","18","7","0:24:17","0:01:21","0:00:00","0.0000","0.4050","1","1","18.00","$0.00","$0.00","$0.00","$0.00","$0.00"
"2026-02-14 06pm","17","7","0:21:22","0:01:15","0:00:00","0.0000","0.3542","1","1","17.00","$0.00","$0.00","$0.00","$0.00","$0.00"
"2026-02-14 07pm","28","10","0:35:17","0:01:16","0:00:00","0.0000","0.5911","1","1","28.00","$0.00","$0.00","$0.00","$0.00","$0.00"
"2026-02-14 08pm","19","10","0:29:58","0:01:35","0:00:00","0.0000","0.5014","1","1","19.00","$0.00","$0.00","$0.00","$0.00","$0.00"
"2026-02-14 09pm","31","7","0:39:42","0:01:17","0:00:00","0.0000","0.6631","1","1","31.00","$0.00","$0.00","$0.00","$0.00","$0.00"
"2026-02-14 10pm","15","4","0:14:30","0:00:58","0:00:00","0.0000","0.2417","1","1","15.00","$0.00","$0.00","$0.00","$0.00","$0.00"
"2026-02-15 10am","2","2","0:04:02","0:02:01","0:00:00","0.0000","0.0672","1","1","2.00","$0.00","$0.00","$0.00","$0.00","$0.00"
"2026-02-15 11am","3","1","0:03:21","0:01:07","0:00:00","0.0000","0.0558","1","1","3.00","$0.00","$0.00","$0.00","$0.00","$0.00"
"2026-02-15 12pm","5","3","0:05:14","0:01:03","0:00:00","0.0000","0.0875","1","1","5.00","$0.00","$0.00","$0.00","$0.00","$0.00"
"2026-02-15 01pm","2","0","0:01:07","0:00:34","0:00:00","0.0000","0.0189","1","1","2.00","$0.00","$0.00","$0.00","$0.00","$0.00"
"2026-02-15 02pm","2","1","0:01:46","0:00:53","0:00:00","0.0000","0.0294","1","1","2.00","$0.00","$0.00","$0.00","$0.00","$0.00"
"2026-02-15 03pm","9","7","0:20:23","0:02:16","0:00:00","0.0000","0.3400","1","1","9.00","$0.00","$0.00","$0.00","$0.00","$0.00"
"2026-02-15 04pm","4","0","0:07:45","0:01:56","0:00:00","0.0000","0.1289","1","1","4.00","$0.00","$0.00","$0.00","$0.00","$0.00"
"2026-02-15 05pm","1","1","0:03:18","0:03:18","0:00:00","0.0000","0.0550","1","1","1.00","$0.00","$0.00","$0.00","$0.00","$0.00"
"2026-02-15 06pm","9","3","0:07:32","0:00:50","0:00:00","0.0000","0.1250","1","1","9.00","$0.00","$0.00","$0.00","$0.00","$0.00"
"2026-02-15 07pm","14","5","0:10:34","0:00:45","0:00:00","0.0000","0.1750","1","1","14.00","$0.00","$0.00","$0.00","$0.00","$0.00"
"2026-02-15 08pm","9","2","0:09:02","0:01:00","0:00:00","0.0000","0.1500","1","1","9.00","$0.00","$0.00","$0.00","$0.00","$0.00"
"2026-02-15 09pm","14","4","0:10:00","0:00:43","0:00:00","0.0000","0.1672","1","1","14.00","$0.00","$0.00","$0.00","$0.00","$0.00"
"2026-02-16 08am","185","2","0:25:33","0:00:08","0:00:00","0.0000","0.4111","1","1","185.00","$0.00","$0.00","$0.00","$0.00","$0.00"
"2026-02-16 09am","692","6","2:26:10","0:00:13","0:05:16","0.0925","2.4989","1","5","138.40","$0.00","$0.00","$0.00","$0.00","$0.00"
"2026-02-16 10am","800","5","2:54:48","0:00:13","0:07:18","0.1100","2.8889","1","5","160.00","$0.00","$0.00","$0.00","$0.00","$0.00"
"2026-02-16 11am","884","3","2:48:29","0:00:11","0:06:47","0.0928","2.7011","1","5","176.80","$0.00","$0.00","$0.00","$0.00","$0.00"
"2026-02-16 12pm","579","2","1:31:23","0:00:09","0:07:25","0.1537","1.4475","1","3","193.00","$0.00","$0.00","$0.00","$0.00","$0.00"
"2026-02-16 01pm","928","10","2:54:11","0:00:11","0:06:41","0.0862","2.8356","1","6","154.67","$0.00","$0.00","$0.00","$0.00","$0.00"
"2026-02-16 02pm","1212","2","3:27:44","0:00:10","0:05:15","0.0528","3.3667","1","7","173.14","$0.00","$0.00","$0.00","$0.00","$0.00"
"2026-02-16 03pm","1084","2","2:38:33","0:00:09","0:04:37","0.0507","2.7100","1","6","180.67","$0.00","$0.00","$0.00","$0.00","$0.00"
"2026-02-16 04pm","1067","0","1:37:28","0:00:05","0:00:55","0.0103","1.4819","1","6","177.83","$0.00","$0.00","$0.00","$0.00","$0.00"
"2026-02-16 05pm","894","0","1:06:18","0:00:04","0:01:05","0.0145","0.9933","1","5","178.80","$0.00","$0.00","$0.00","$0.00","$0.00"
"2026-02-16 06pm","78","0","0:07:40","0:00:06","0:00:00","0.0000","0.1300","1","1","78.00","$0.00","$0.00","$0.00","$0.00","$0.00"
"2026-02-16 07pm","175","1","0:14:39","0:00:05","0:00:00","0.0000","0.2431","1","1","175.00","$0.00","$0.00","$0.00","$0.00","$0.00"
"2026-02-16 08pm","9","4","0:12:22","0:01:22","0:00:00","0.0000","0.2050","1","1","9.00","$0.00","$0.00","$0.00","$0.00","$0.00"
"2026-02-16 09pm","4","0","0:02:12","0:00:33","0:00:00","0.0000","0.0367","1","1","4.00","$0.00","$0.00","$0.00","$0.00","$0.00"
"2026-02-17 07am","1","1","0:04:17","0:04:17","0:00:00","0.0000","0.0714","1","1","1.00","$0.00","$0.00","$0.00","$0.00","$0.00"
"2026-02-17 08am","196","4","0:54:52","0:00:17","0:01:10","0.0714","0.9256","1","3","65.33","$0.00","$0.00","$0.00","$0.00","$0.00"
"2026-02-17 09am","933","6","3:39:47","0:00:14","0:01:50","0.0236","3.6283","1","8","116.62","$0.00","$0.00","$0.00","$0.00","$0.00"
"2026-02-17 10am","876","9","3:30:35","0:00:14","0:02:34","0.0365","3.4067","1","7","125.14","$0.00","$0.00","$0.00","$0.00","$0.00"
"2026-02-17 11am","1036","13","4:15:18","0:00:15","0:03:31","0.0405","4.3167","1","9","115.11","$0.00","$0.00","$0.00","$0.00","$0.00"
"2026-02-17 12pm","612","2","1:23:14","0:00:08","0:01:40","0.0327","1.3600","1","5","122.40","$0.00","$0.00","$0.00","$0.00","$0.00"
"2026-02-17 01pm","799","6","2:47:13","0:00:13","0:06:00","0.0914","2.8853","1","6","133.17","$0.00","$0.00","$0.00","$0.00","$0.00"
"2026-02-17 02pm","1302","6","2:38:47","0:00:07","0:09:19","0.0184","2.5317","1","7","186.00","$0.00","$0.00","$0.00","$0.00","$0.00"
"2026-02-17 03pm","1310","6","3:25:54","0:00:09","0:05:01","0.0466","3.2750","1","7","187.14","$0.00","$0.00","$0.00","$0.00","$0.00"
"2026-02-17 04pm","952","10","3:47:20","0:00:14","0:05:08","0.0630","3.7022","1","7","136.00","$0.00","$0.00","$0.00","$0.00","$0.00"
"2026-02-17 05pm","597","2","1:46:16","0:00:11","0:02:44","0.0553","1.8242","1","5","119.40","$0.00","$0.00","$0.00","$0.00","$0.00"
"2026-02-17 06pm","297","0","0:30:32","0:00:06","0:02:40","0.1077","0.4950","1","2","148.50","$0.00","$0.00","$0.00","$0.00","$0.00"
"2026-02-17 07pm","460","2","0:39:53","0:00:05","0:00:55","0.0239","0.6389","1","3","153.33","$0.00","$0.00","$0.00","$0.00","$0.00"
"2026-02-17 08pm","443","5","0:55:08","0:00:07","0:00:55","0.0248","0.8614","1","4","110.75","$0.00","$0.00","$0.00","$0.00","$0.00"
"2026-02-17 09pm","235","3","0:34:41","0:00:09","0:00:00","0.0000","0.5875","1","1","235.00","$0.00","$0.00","$0.00","$0.00","$0.00"
"2026-02-17 10pm","3","0","0:02:47","0:00:56","0:00:00","0.0000","0.0467","1","1","3.00","$0.00","$0.00","$0.00","$0.00","$0.00"
"2026-02-18 08am","225","6","1:01:10","0:00:16","0:01:01","0.0533","1.0000","1","4","56.25","$0.00","$0.00","$0.00","$0.00","$0.00"
"2026-02-18 09am","772","4","2:56:26","0:00:14","0:04:30","0.0699","3.0022","1","6","128.67","$0.00","$0.00","$0.00","$0.00","$0.00"
"2026-02-18 10am","917","11","3:27:28","0:00:14","0:04:25","0.0589","3.5661","1","7","131.00","$0.00","$0.00","$0.00","$0.00","$0.00"
"2026-02-18 11am","914","16","3:51:08","0:00:15","0:05:06","0.0678","3.8083","1","7","130.57","$0.00","$0.00","$0.00","$0.00","$0.00"
"2026-02-18 12pm","592","10","2:22:10","0:00:14","0:05:50","0.1182","2.3022","1","5","118.40","$0.00","$0.00","$0.00","$0.00","$0.00"
"2026-02-18 01pm","1265","6","2:20:37","0:00:07","0:02:05","0.0198","2.4597","1","7","180.71","$0.00","$0.00","$0.00","$0.00","$0.00"
"2026-02-18 02pm","1709","6","4:10:39","0:00:09","0:05:26","0.0386","4.2725","1","9","189.89","$0.00","$0.00","$0.00","$0.00","$0.00"
"2026-02-18 03pm","1121","11","4:19:34","0:00:14","0:09:31","0.1026","4.3594","1","7","160.14","$0.00","$0.00","$0.00","$0.00","$0.00"
"2026-02-18 04pm","1227","9","4:20:43","0:00:13","0:05:51","0.0570","4.4308","1","8","153.38","$0.00","$0.00","$0.00","$0.00","$0.00"
"2026-02-18 05pm","702","5","2:11:07","0:00:11","0:06:50","0.1168","2.1450","1","4","175.50","$0.00","$0.00","$0.00","$0.00","$0.00"
"2026-02-18 06pm","82","1","0:16:05","0:00:12","0:01:40","0.2439","0.2733","1","1","82.00","$0.00","$0.00","$0.00","$0.00","$0.00"
"2026-02-18 07pm","155","2","0:39:34","0:00:15","0:03:30","0.2710","0.6458","1","2","77.50","$0.00","$0.00","$0.00","$0.00","$0.00"
"2026-02-18 08pm","147","3","0:34:00","0:00:14","0:03:31","0.2857","0.5717","1","2","73.50","$0.00","$0.00","$0.00","$0.00","$0.00"
"2026-02-18 09pm","90","1","0:22:36","0:00:15","0:01:45","0.2333","0.3750","1","2","45.00","$0.00","$0.00","$0.00","$0.00","$0.00"
"2026-02-19 07am","2","0","0:05:09","0:02:35","0:00:00","0.0000","0.0861","1","1","2.00","$0.00","$0.00","$0.00","$0.00","$0.00"
"2026-02-19 08am","435","4","1:07:26","0:00:09","0:04:09","0.1149","1.0875","1","3","145.00","$0.00","$0.00","$0.00","$0.00","$0.00"
"2026-02-19 09am","1016","11","3:45:55","0:00:13","0:04:16","0.0502","3.6689","1","7","145.14","$0.00","$0.00","$0.00","$0.00","$0.00"
"2026-02-19 10am","1054","10","4:01:23","0:00:14","0:03:00","0.0342","4.0989","1","8","131.75","$0.00","$0.00","$0.00","$0.00","$0.00"
"2026-02-19 11am","1003","19","4:56:22","0:00:18","0:02:10","0.0259","5.0150","1","10","100.30","$0.00","$0.00","$0.00","$0.00","$0.00"
"2026-02-19 12pm","622","5","2:26:16","0:00:14","0:05:24","0.1045","2.4189","1","5","124.40","$0.00","$0.00","$0.00","$0.00","$0.00"
"2026-02-19 01pm","966","10","3:03:54","0:00:11","0:02:20","0.0300","2.9517","1","7","138.00","$0.00","$0.00","$0.00","$0.00","$0.00"
"2026-02-19 02pm","968","4","2:59:14","0:00:11","0:03:40","0.0455","2.9578","1","7","138.29","$0.00","$0.00","$0.00","$0.00","$0.00"
"2026-02-19 03pm","1107","7","3:36:58","0:00:12","0:04:37","0.0506","3.6900","1","7","158.14","$0.00","$0.00","$0.00","$0.00","$0.00"
"2026-02-19 04pm","1322","9","4:16:14","0:00:12","0:05:26","0.0499","4.4067","1","8","165.25","$0.00","$0.00","$0.00","$0.00","$0.00"
"2026-02-19 05pm","775","3","2:18:15","0:00:11","0:02:05","0.0323","2.3681","1","6","129.17","$0.00","$0.00","$0.00","$0.00","$0.00"
"2026-02-19 06pm","129","4","0:28:51","0:00:13","0:02:05","0.1938","0.4658","1","2","64.50","$0.00","$0.00","$0.00","$0.00","$0.00"
"2026-02-19 07pm","171","10","0:58:43","0:00:21","0:02:50","0.1988","0.9975","1","3","57.00","$0.00","$0.00","$0.00","$0.00","$0.00"
"2026-02-19 08pm","10","0","0:05:24","0:00:32","0:00:05","0.1000","0.0889","1","1","10.00","$0.00","$0.00","$0.00","$0.00","$0.00"
"2026-02-19 09pm","6","1","0:05:35","0:00:56","0:00:00","0.0000","0.0933","1","1","6.00","$0.00","$0.00","$0.00","$0.00","$0.00"
"2026-02-19 10pm","10","0","0:05:30","0:00:33","0:00:00","0.0000","0.0917","1","1","10.00","$0.00","$0.00","$0.00","$0.00","$0.00"
"2026-02-20 07am","4","0","0:02:19","0:00:35","0:00:00","0.0000","0.0389","1","1","4.00","$0.00","$0.00","$0.00","$0.00","$0.00"
"2026-02-20 08am","379","1","0:37:37","0:00:06","0:00:25","0.0132","0.6317","1","4","94.75","$0.00","$0.00","$0.00","$0.00","$0.00"
"2026-02-20 09am","1091","12","4:38:35","0:00:15","0:05:54","0.0651","4.5458","1","8","136.38","$0.00","$0.00","$0.00","$0.00","$0.00"
"2026-02-20 10am","1129","15","5:03:08","0:00:16","0:06:21","0.0673","5.0178","1","9","125.44","$0.00","$0.00","$0.00","$0.00","$0.00"
"2026-02-20 11am","1347","13","4:25:52","0:00:12","0:03:54","0.0349","4.4900","1","9","149.67","$0.00","$0.00","$0.00","$0.00","$0.00"
"2026-02-20 12pm","813","10","3:02:28","0:00:13","0:06:11","0.0886","2.9358","1","6","135.50","$0.00","$0.00","$0.00","$0.00","$0.00"
"2026-02-20 01pm","1028","12","4:00:44","0:00:14","0:02:56","0.0340","3.9978","1","8","128.50","$0.00","$0.00","$0.00","$0.00","$0.00"
"2026-02-20 02pm","1216","9","3:47:12","0:00:11","0:04:47","0.0477","3.7156","1","8","152.00","$0.00","$0.00","$0.00","$0.00","$0.00"
"2026-02-20 03pm","976","11","3:04:11","0:00:11","0:03:50","0.0471","2.9822","1","7","139.43","$0.00","$0.00","$0.00","$0.00","$0.00"
"2026-02-20 04pm","954","8","3:01:59","0:00:11","0:03:13","0.0409","2.9150","1","7","136.29","$0.00","$0.00","$0.00","$0.00","$0.00"
"2026-02-20 05pm","597","6","1:46:07","0:00:11","0:02:28","0.0519","1.8242","1","5","119.40","$0.00","$0.00","$0.00","$0.00","$0.00"
"2026-02-20 06pm","98","1","0:26:02","0:00:16","0:00:15","0.0306","0.4356","1","3","32.67","$0.00","$0.00","$0.00","$0.00","$0.00"
"2026-02-20 07pm","38","5","0:25:40","0:00:41","0:00:10","0.0526","0.4328","1","3","12.67","$0.00","$0.00","$0.00","$0.00","$0.00"
"2026-02-20 08pm","16","5","0:19:55","0:01:15","0:00:00","0.0000","0.3333","1","1","16.00","$0.00","$0.00","$0.00","$0.00","$0.00"
"2026-02-20 09pm","6","3","0:07:04","0:01:11","0:00:00","0.0000","0.1183","1","1","6.00","$0.00","$0.00","$0.00","$0.00","$0.00"
"2026-02-20 10pm","7","2","0:06:58","0:01:00","0:00:00","0.0000","0.1167","1","1","7.00","$0.00","$0.00","$0.00","$0.00","$0.00"
"2026-02-21 08am","1","1","0:01:01","0:01:01","0:00:00","0.0000","0.0169","1","1","1.00","$0.00","$0.00","$0.00","$0.00","$0.00"
"2026-02-21 09am","5","0","0:00:55","0:00:11","0:00:00","0.0000","0.0153","1","1","5.00","$0.00","$0.00","$0.00","$0.00","$0.00"
"2026-02-21 10am","8","0","0:00:57","0:00:07","0:00:05","0.1250","0.0156","1","1","8.00","$0.00","$0.00","$0.00","$0.00","$0.00"
"2026-02-21 12pm","2","2","0:01:55","0:00:58","0:00:00","0.0000","0.0322","1","1","2.00","$0.00","$0.00","$0.00","$0.00","$0.00"
"2026-02-21 01pm","6","4","0:10:26","0:01:44","0:00:00","0.0000","0.1733","1","1","6.00","$0.00","$0.00","$0.00","$0.00","$0.00"
"2026-02-21 02pm","8","2","0:07:33","0:00:57","0:00:00","0.0000","0.1267","1","1","8.00","$0.00","$0.00","$0.00","$0.00","$0.00"
"2026-02-21 03pm","2","2","0:04:26","0:02:13","0:00:00","0.0000","0.0739","1","1","2.00","$0.00","$0.00","$0.00","$0.00","$0.00"
"2026-02-21 05pm","9","0","0:01:22","0:00:09","0:00:00","0.0000","0.0225","1","1","9.00","$0.00","$0.00","$0.00","$0.00","$0.00"
"2026-02-21 06pm","2","0","0:01:20","0:00:40","0:00:00","0.0000","0.0222","1","1","2.00","$0.00","$0.00","$0.00","$0.00","$0.00"
"2026-02-21 07pm","8","4","0:06:51","0:00:51","0:00:00","0.0000","0.1133","1","1","8.00","$0.00","$0.00","$0.00","$0.00","$0.00"
"2026-02-21 08pm","27","6","0:20:14","0:00:45","0:00:00","0.0000","0.3375","1","1","27.00","$0.00","$0.00","$0.00","$0.00","$0.00"
"2026-02-21 09pm","14","5","0:08:51","0:00:38","0:00:00","0.0000","0.1478","1","1","14.00","$0.00","$0.00","$0.00","$0.00","$0.00"
"2026-02-21 10pm","1","0","0:00:08","0:00:08","0:00:00","0.0000","0.0022","1","1","1.00","$0.00","$0.00","$0.00","$0.00","$0.00"
"2026-02-22 09am","1","0","0:00:55","0:00:55","0:00:00","0.0000","0.0153","1","1","1.00","$0.00","$0.00","$0.00","$0.00","$0.00"
"2026-02-22 10am","1","0","0:01:22","0:01:22","0:00:00","0.0000","0.0228","1","1","1.00","$0.00","$0.00","$0.00","$0.00","$0.00"
"2026-02-22 11am","2","0","0:01:11","0:00:36","0:00:00","0.0000","0.0200","1","1","2.00","$0.00","$0.00","$0.00","$0.00","$0.00"
"2026-02-22 12pm","3","3","0:04:09","0:01:23","0:00:00","0.0000","0.0692","1","1","3.00","$0.00","$0.00","$0.00","$0.00","$0.00"
"2026-02-22 01pm","8","3","0:08:42","0:01:05","0:00:00","0.0000","0.1444","1","1","8.00","$0.00","$0.00","$0.00","$0.00","$0.00"
"2026-02-22 02pm","5","2","0:07:54","0:01:35","0:00:00","0.0000","0.1319","1","1","5.00","$0.00","$0.00","$0.00","$0.00","$0.00"
"2026-02-22 03pm","9","1","0:07:37","0:00:51","0:00:00","0.0000","0.1275","1","1","9.00","$0.00","$0.00","$0.00","$0.00","$0.00"
"2026-02-22 04pm","1","1","0:01:28","0:01:28","0:00:00","0.0000","0.0244","1","1","1.00","$0.00","$0.00","$0.00","$0.00","$0.00"
"2026-02-22 05pm","1","0","0:00:31","0:00:31","0:00:00","0.0000","0.0086","1","1","1.00","$0.00","$0.00","$0.00","$0.00","$0.00"
"2026-02-22 06pm","7","3","0:15:15","0:02:11","0:00:00","0.0000","0.2547","1","1","7.00","$0.00","$0.00","$0.00","$0.00","$0.00"
"2026-02-22 07pm","10","6","0:14:17","0:01:26","0:00:00","0.0000","0.2389","1","1","10.00","$0.00","$0.00","$0.00","$0.00","$0.00"
"2026-02-22 08pm","30","6","0:29:42","0:00:59","0:00:00","0.0000","0.4917","1","1","30.00","$0.00","$0.00","$0.00","$0.00","$0.00"
"2026-02-22 09pm","9","1","0:03:42","0:00:25","0:00:00","0.0000","0.0625","1","1","9.00","$0.00","$0.00","$0.00","$0.00","$0.00"
"2026-02-22 10pm","5","1","0:05:16","0:01:03","0:00:00","0.0000","0.0875","1","1","5.00","$0.00","$0.00","$0.00","$0.00","$0.00"
"2026-02-23 08am","335","1","0:44:58","0:00:08","0:00:40","0.0239","0.7444","1","4","83.75","$0.00","$0.00","$0.00","$0.00","$0.00"
"2026-02-23 09am","1131","10","4:34:11","0:00:15","0:04:38","0.0513","4.7125","1","9","125.67","$0.00","$0.00","$0.00","$0.00","$0.00"
"2026-02-23 10am","1148","11","4:42:36","0:00:15","0:02:12","0.0235","4.7833","1","10","114.80","$0.00","$0.00","$0.00","$0.00","$0.00"
"2026-02-23 11am","1316","12","4:40:54","0:00:13","0:01:11","0.0114","4.7522","1","11","119.64","$0.00","$0.00","$0.00","$0.00","$0.00"
"2026-02-23 12pm","586","4","1:42:28","0:00:10","0:01:15","0.0256","1.6278","1","5","117.20","$0.00","$0.00","$0.00","$0.00","$0.00"
"2026-02-23 01pm","941","14","3:53:14","0:00:15","0:02:22","0.0244","3.9208","1","9","104.56","$0.00","$0.00","$0.00","$0.00","$0.00"
"2026-02-23 02pm","1186","5","3:23:26","0:00:10","0:01:19","0.0126","3.2944","1","9","131.78","$0.00","$0.00","$0.00","$0.00","$0.00"
"2026-02-23 03pm","1158","8","3:58:33","0:00:12","0:04:08","0.0432","3.8600","1","8","144.75","$0.00","$0.00","$0.00","$0.00","$0.00"
"2026-02-23 04pm","1390","12","4:41:10","0:00:12","0:04:03","0.0353","4.6333","1","9","154.44","$0.00","$0.00","$0.00","$0.00","$0.00"
"2026-02-23 05pm","982","7","2:18:58","0:00:08","0:03:31","0.0438","2.1822","1","6","163.67","$0.00","$0.00","$0.00","$0.00","$0.00"
"2026-02-23 06pm","137","0","0:12:28","0:00:05","0:01:10","0.1022","0.1903","1","2","68.50","$0.00","$0.00","$0.00","$0.00","$0.00"
"2026-02-23 07pm","6","0","0:05:51","0:00:59","0:00:00","0.0000","0.0983","1","1","6.00","$0.00","$0.00","$0.00","$0.00","$0.00"
"2026-02-23 09pm","1","0","0:00:00","0:00:00","0:00:00","0.0000","0.0000","1","1","1.00","$0.00","$0.00","$0.00","$0.00","$0.00"
"2026-02-23 10pm","3","0","0:04:08","0:01:23","0:00:00","0.0000","0.0692","1","1","3.00","$0.00","$0.00","$0.00","$0.00","$0.00"
"2026-02-24 08am","346","5","1:29:29","0:00:16","0:02:40","0.0925","1.5378","1","4","86.50","$0.00","$0.00","$0.00","$0.00","$0.00"
"2026-02-24 09am","1053","17","4:20:44","0:00:15","0:04:32","0.0522","4.3875","1","8","131.62","$0.00","$0.00","$0.00","$0.00","$0.00"
"2026-02-24 10am","1436","19","3:40:08","0:00:09","0:02:45","0.0230","3.5900","1","8","179.50","$0.00","$0.00","$0.00","$0.00","$0.00"
"2026-02-24 11am","1635","29","4:31:09","0:00:10","0:03:07","0.0232","4.5417","1","10","163.50","$0.00","$0.00","$0.00","$0.00","$0.00"
"2026-02-24 12pm","1022","17","2:58:08","0:00:10","0:05:24","0.0646","2.8389","1","6","170.33","$0.00","$0.00","$0.00","$0.00","$0.00"
"2026-02-24 01pm","1336","21","3:47:48","0:00:10","0:03:49","0.0344","3.7111","1","8","167.00","$0.00","$0.00","$0.00","$0.00","$0.00"
"2026-02-24 02pm","1446","6","3:44:14","0:00:09","0:02:30","0.0207","3.6150","1","8","180.75","$0.00","$0.00","$0.00","$0.00","$0.00"
"2026-02-24 03pm","1216","10","3:05:10","0:00:09","0:02:03","0.0206","3.0400","1","8","152.00","$0.00","$0.00","$0.00","$0.00","$0.00"
"2026-02-24 04pm","1333","5","3:23:09","0:00:09","0:02:22","0.0218","3.3325","1","8","166.62","$0.00","$0.00","$0.00","$0.00","$0.00"
"2026-02-24 05pm","680","7","2:40:15","0:00:14","0:04:57","0.0882","2.6444","1","5","136.00","$0.00","$0.00","$0.00","$0.00","$0.00"
"2026-02-24 06pm","73","0","0:06:46","0:00:06","0:00:20","0.0548","0.1217","1","2","36.50","$0.00","$0.00","$0.00","$0.00","$0.00"
"2026-02-24 07pm","143","5","0:30:40","0:00:13","0:01:50","0.1538","0.5164","1","2","71.50","$0.00","$0.00","$0.00","$0.00","$0.00"
"2026-02-24 08pm","138","4","0:46:01","0:00:20","0:01:41","0.1522","0.7667","1","2","69.00","$0.00","$0.00","$0.00","$0.00","$0.00"
"2026-02-24 09pm","13","1","0:12:50","0:00:59","0:00:00","0.0000","0.2131","1","1","13.00","$0.00","$0.00","$0.00","$0.00","$0.00"
"2026-02-25 08am","180","2","0:36:58","0:00:12","0:00:15","0.0167","0.6000","1","4","45.00","$0.00","$0.00","$0.00","$0.00","$0.00"
"2026-02-25 09am","952","15","4:04:25","0:00:15","0:01:56","0.0242","3.9667","1","9","105.78","$0.00","$0.00","$0.00","$0.00","$0.00"
"2026-02-25 10am","1347","9","4:30:46","0:00:12","0:03:41","0.0334","4.4900","1","9","149.67","$0.00","$0.00","$0.00","$0.00","$0.00"
"2026-02-25 11am","1417","16","5:08:19","0:00:13","0:05:49","0.0494","5.1169","1","9","157.44","$0.00","$0.00","$0.00","$0.00","$0.00"
"2026-02-25 12pm","650","8","2:08:11","0:00:12","0:03:56","0.0723","2.1667","1","5","130.00","$0.00","$0.00","$0.00","$0.00","$0.00"
"2026-02-25 01pm","1105","10","3:45:25","0:00:12","0:01:19","0.0154","3.6833","1","9","122.78","$0.00","$0.00","$0.00","$0.00","$0.00"
"2026-02-25 02pm","1518","17","5:43:43","0:00:14","0:03:50","0.0303","5.9033","1","11","138.00","$0.00","$0.00","$0.00","$0.00","$0.00"
"2026-02-25 03pm","1306","8","3:46:51","0:00:10","0:02:05","0.0199","3.6278","1","9","145.11","$0.00","$0.00","$0.00","$0.00","$0.00"
"2026-02-25 04pm","1503","13","4:36:46","0:00:11","0:00:41","0.0060","4.5925","1","11","136.64","$0.00","$0.00","$0.00","$0.00","$0.00"
"2026-02-25 05pm","966","5","3:43:17","0:00:14","0:03:01","0.0414","3.7567","1","8","120.75","$0.00","$0.00","$0.00","$0.00","$0.00"
"2026-02-25 06pm","107","0","0:12:54","0:00:07","0:01:21","0.1589","0.2081","1","2","53.50","$0.00","$0.00","$0.00","$0.00","$0.00"
"2026-02-25 07pm","103","9","0:49:45","0:00:29","0:00:35","0.0680","0.8297","1","3","34.33","$0.00","$0.00","$0.00","$0.00","$0.00"
"2026-02-25 08pm","76","3","0:33:07","0:00:26","0:01:05","0.1711","0.5489","1","2","38.00","$0.00","$0.00","$0.00","$0.00","$0.00"
"2026-02-25 09pm","48","2","0:11:37","0:00:15","0:00:00","0.0000","0.2000","1","1","48.00","$0.00","$0.00","$0.00","$0.00","$0.00"
"2026-02-25 10pm","1","0","0:00:08","0:00:08","0:00:00","0.0000","0.0022","1","1","1.00","$0.00","$0.00","$0.00","$0.00","$0.00"
"2026-02-26 08am","98","3","0:41:27","0:00:25","0:00:00","0.0000","0.6806","1","1","98.00","$0.00","$0.00","$0.00","$0.00","$0.00"
"2026-02-26 09am","865","18","5:16:42","0:00:22","0:00:45","0.0104","5.2861","1","12","72.08","$0.00","$0.00","$0.00","$0.00","$0.00"
"2026-02-26 10am","1287","14","4:41:53","0:00:13","0:03:45","0.0350","4.6475","1","9","143.00","$0.00","$0.00","$0.00","$0.00","$0.00"
"2026-02-26 11am","1260","17","5:14:35","0:00:15","0:03:29","0.0333","5.2500","1","10","126.00","$0.00","$0.00","$0.00","$0.00","$0.00"
"2026-02-26 12pm","759","8","2:51:19","0:00:14","0:04:26","0.0698","2.9517","1","6","126.50","$0.00","$0.00","$0.00","$0.00","$0.00"
"2026-02-26 01pm","909","12","3:52:15","0:00:15","0:03:26","0.0462","3.7875","1","8","113.62","$0.00","$0.00","$0.00","$0.00","$0.00"
"2026-02-26 02pm","1302","19","5:06:54","0:00:14","0:02:17","0.0215","5.0633","1","10","130.20","$0.00","$0.00","$0.00","$0.00","$0.00"
"2026-02-26 03pm","971","16","3:50:57","0:00:14","0:06:46","0.0772","3.7761","1","7","138.71","$0.00","$0.00","$0.00","$0.00","$0.00"
"2026-02-26 04pm","1043","12","3:28:27","0:00:12","0:06:13","0.0719","3.4767","1","7","149.00","$0.00","$0.00","$0.00","$0.00","$0.00"
"2026-02-26 05pm","610","8","2:32:02","0:00:15","0:02:53","0.0574","2.5417","1","6","101.67","$0.00","$0.00","$0.00","$0.00","$0.00"
"2026-02-26 06pm","90","4","0:27:59","0:00:19","0:01:36","0.2222","0.4750","1","2","45.00","$0.00","$0.00","$0.00","$0.00","$0.00"
"2026-02-26 07pm","53","17","0:45:51","0:00:52","0:00:20","0.0755","0.7656","1","3","17.67","$0.00","$0.00","$0.00","$0.00","$0.00"
"2026-02-26 08pm","195","15","1:09:46","0:00:21","0:03:30","0.2154","1.1375","1","3","65.00","$0.00","$0.00","$0.00","$0.00","$0.00"
"2026-02-26 09pm","115","5","0:35:07","0:00:18","0:00:35","0.0609","0.5750","1","3","38.33","$0.00","$0.00","$0.00","$0.00","$0.00"
"2026-02-26 10pm","4","2","0:04:14","0:01:04","0:00:00","0.0000","0.0711","1","1","4.00","$0.00","$0.00","$0.00","$0.00","$0.00"
"2026-02-27 09am","854","10","3:31:40","0:00:15","0:06:22","0.0902","3.5583","1","6","142.33","$0.00","$0.00","$0.00","$0.00","$0.00"
"2026-02-27 10am","1038","16","4:13:35","0:00:15","0:06:28","0.0742","4.3250","1","8","129.75","$0.00","$0.00","$0.00","$0.00","$0.00"
"2026-02-27 11am","1060","9","3:42:31","0:00:13","0:05:29","0.0623","3.8278","1","7","151.43","$0.00","$0.00","$0.00","$0.00","$0.00"
"2026-02-27 12pm","737","9","2:43:43","0:00:13","0:06:34","0.1072","2.6614","1","5","147.40","$0.00","$0.00","$0.00","$0.00","$0.00"
"2026-02-27 01pm","573","9","2:03:34","0:00:13","0:03:25","0.0716","2.0692","1","5","114.60","$0.00","$0.00","$0.00","$0.00","$0.00"
"2026-02-27 02pm","1061","9","3:19:02","0:00:11","0:03:00","0.0339","3.2419","1","7","151.57","$0.00","$0.00","$0.00","$0.00","$0.00"
"2026-02-27 03pm","827","11","3:24:46","0:00:15","0:07:30","0.1088","3.4458","1","6","137.83","$0.00","$0.00","$0.00","$0.00","$0.00"
"2026-02-27 04pm","59","2","0:21:35","0:00:22","0:00:35","0.1186","0.3606","1","2","29.50","$0.00","$0.00","$0.00","$0.00","$0.00"
"2026-02-27 05pm","11","3","0:10:43","0:00:58","0:00:05","0.0909","0.1772","1","2","5.50","$0.00","$0.00","$0.00","$0.00","$0.00"
"2026-02-27 06pm","9","6","0:18:37","0:02:04","0:00:00","0.0000","0.3100","1","1","9.00","$0.00","$0.00","$0.00","$0.00","$0.00"
"2026-02-27 07pm","15","7","0:22:04","0:01:28","0:00:00","0.0000","0.3667","1","1","15.00","$0.00","$0.00","$0.00","$0.00","$0.00"
"2026-02-27 08pm","30","13","0:34:17","0:01:09","0:00:00","0.0000","0.5750","1","1","30.00","$0.00","$0.00","$0.00","$0.00","$0.00"
"2026-02-27 09pm","14","3","0:14:52","0:01:04","0:00:00","0.0000","0.2489","1","1","14.00","$0.00","$0.00","$0.00","$0.00","$0.00"
"2026-02-27 10pm","9","5","0:10:17","0:01:09","0:00:00","0.0000","0.1725","1","1","9.00","$0.00","$0.00","$0.00","$0.00","$0.00"
